,Obesity,Asthma,Atopic dermatitis,COPD,Type 1 diabetes,Periodontal,Kidney stones,Colorectal carcinoma,Type 2 diabetes,Necrotizing Enterocolitis,Colon cancer,Bacterial Vaginosis,Gastro-oesophageal reflux,Cystic fibrosis,Liver cirrhosis,Eczema,Allergy,Psoriasis,Ulcerative colitis,Systemic inflammatory response syndrome
Obesity,1.0000000000000009,0.6699328107502792,0.4855782884315652,0.6157939194123481,0.4888581324287424,0.4251424652288776,0.4203265175289418,0.7680471264121341,0.7305053970508679,0.4340236398325851,0.6606942889137729,0.0,0.384101878409945,0.4247852923629385,0.7398488108628575,0.5609517199796835,0.5181347607491673,0.5665036041505095,0.5441302006362286,0.0830454798537399
Asthma,0.6699328107502792,1.0,0.5984584510799881,0.7608513319887903,0.6585297677851656,0.3408214342883717,0.4983146760714189,0.6880247299990666,0.763824730990712,0.597292359835775,0.7536394176931682,0.0,0.7967216252109843,0.5563310820769758,0.7244959709727956,0.6731980471812075,0.7108438199423225,0.8383116054942336,0.7013171432505045,0.0424476359978008
Atopic dermatitis,0.4855782884315658,0.598458451079989,1.000000000000001,0.6361344537815132,0.7135850905621489,0.2470457450353193,0.4400389840360196,0.4704731577205621,0.5013303508055249,0.48560361836835,0.5133016163177971,0.0,0.4929101767715404,0.3809551063699884,0.6537709068612867,1.000000000000001,0.7905869246912721,0.6490960646960214,0.6339687094629084,0.0149696237713023
COPD,0.6157939194123492,0.7608513319887922,0.6361344537815132,1.000000000000001,0.6361982595227961,0.19231105900953,0.3597547352165148,0.6672266555656283,0.6954208162291169,0.425816579171152,0.6978437686109935,0.0,0.4142102325811265,0.3198626494492568,0.7613577420185359,0.6722666139604534,0.7269925831232639,0.7542412155647075,0.6992714103050206,0.0149696237713023
Type 1 diabetes,0.4888581324287432,0.658529767785166,0.7135850905621481,0.6361982595227954,1.0000000000000009,0.2339613889477991,0.5167650886316891,0.4871838866093387,0.5679846576578712,0.5086887923863811,0.5603368157827167,0.0,0.4778459993904858,0.3856971733185329,0.7840606222823571,0.7135850905621481,0.7487383468442654,0.7465618860510808,0.7089353973204472,0.0149843214908676
Periodontal,0.4251424652288776,0.3408214342883715,0.2470457450353193,0.1923110590095301,0.2339613889477992,1.0,0.3488556304859551,0.1426341680924962,0.1553064129707115,0.3403026998578233,0.4185595943908178,0.0,0.3335951978989663,0.3848621041685149,0.2658352146517861,0.378807204207079,0.3171156713784678,0.3100904369942019,0.2042600491894982,0.0218739319629903
Kidney stones,0.420326517528942,0.4983146760714189,0.4400389840360195,0.3597547352165147,0.5167650886316894,0.3488556304859552,1.0,0.2880360955957744,0.3424304217908148,0.5511107357144074,0.3932231832685029,0.0,0.4666933356998766,0.4765379851433031,0.4810936870207309,0.4432403087680627,0.4818418329846851,0.5026510474536305,0.389444405613096,0.0362068797344719
Colorectal carcinoma,0.7680471264121355,0.6880247299990678,0.4704731577205621,0.6672266555656274,0.4871838866093386,0.1426341680924962,0.2880360955957747,1.0000000000000002,0.7815868709926321,0.3232427935363177,0.750979412491866,0.0,0.3328145033930195,0.242856708015262,0.7489507257943034,0.5740663535251166,0.5307210384643319,0.5989644333356907,0.5813503318317993,0.0074785300449426
Type 2 diabetes,0.730505397050869,0.7638247309907129,0.5013303508055247,0.6954208162291162,0.5679846576578713,0.1553064129707115,0.342430421790815,0.781586870992632,1.0000000000000002,0.3596683156498734,0.7565448765164613,0.0,0.3320120394227693,0.2561160762874553,0.703542928057809,0.6038634055227757,0.562184896004869,0.6562942169679551,0.6473309701217623,0.0074837638128482
Necrotizing Enterocolitis,0.434023639832585,0.5972923598357753,0.4856036183683495,0.4258165791711517,0.5086887923863812,0.3403026998578232,0.5511107357144074,0.3232427935363176,0.3596683156498729,1.0,0.4100397000406928,0.0,0.5603324616837958,0.4951927195793665,0.5975438337195588,0.4856036183683495,0.5073124210232013,0.6467267372076763,0.4330343980378223,0.0266259371246691
Colon cancer,0.6606942889137729,0.7536394176931682,0.5133016163177961,0.6978437686109921,0.5603368157827155,0.4185595943908176,0.393223183268503,0.7509794124918644,0.7565448765164602,0.4100397000406931,1.0000000000000009,0.0,0.3712641662205129,0.4492557606838573,0.6521982893639646,0.5844646663261375,0.574709475166103,0.7178702277236291,0.6514432113693264,0.0172388172508447
Bacterial Vaginosis,0.0,0.0,0.0,0.0,0.0,0.0,0.0,0.0,0.0,0.0,0.0,1.0,0.0,0.0,0.0,0.0,0.0,0.0,0.0,0.0
Gastro-oesophageal reflux,0.384101878409945,0.7967216252109836,0.4929101767715401,0.414210232581126,0.4778459993904856,0.3335951978989662,0.4666933356998765,0.332814503393019,0.3320120394227691,0.5603324616837957,0.3712641662205124,0.0,0.9999999999999992,0.46030014717171,0.5148882679696665,0.4929101767715401,0.5089196240099498,0.6617264903751753,0.4579589385373083,0.0368933994965805
Cystic fibrosis,0.4247852923629386,0.5563310820769755,0.3809551063699882,0.3198626494492571,0.3856971733185327,0.3848621041685151,0.476537985143303,0.2428567080152621,0.2561160762874554,0.4951927195793663,0.4492557606838568,0.0,0.4603001471717102,0.9999999999999998,0.4905987782459513,0.3809551063699882,0.4117647354610514,0.4881404506654925,0.3423095825775905,0.0349808143978201
Liver cirrhosis,0.739848810862859,0.724495970972797,0.6537709068612864,0.7613577420185352,0.784060622282357,0.2658352146517862,0.4810936870207314,0.7489507257943036,0.7035429280578094,0.5975438337195589,0.6521982893639665,0.0,0.5148882679696669,0.4905987782459514,1.000000000000001,0.6551777662754794,0.7556429726907,0.7658201282063539,0.7654979263290227,0.0299728494022742
Eczema,0.5609517199796847,0.6731980471812081,1.000000000000001,0.6722666139604533,0.7135850905621489,0.3788072042070791,0.4432403087680625,0.5740663535251169,0.6038634055227758,0.48560361836835,0.5844646663261386,0.0,0.4929101767715404,0.3809551063699884,0.6551777662754799,1.000000000000001,0.7905869246912721,0.6490960646960214,0.661437494040752,0.0425917709999959
Allergy,0.5181347607491683,0.7108438199423232,0.7905869246912718,0.726992583123264,0.7487383468442665,0.3171156713784678,0.4818418329846852,0.5307210384643323,0.5621848960048694,0.5073124210232013,0.5747094751661046,0.0,0.5089196240099504,0.4117647354610515,0.7556429726907009,0.7905869246912718,1.0000000000000016,0.7167697432711408,0.7439383979253442,0.0295850219363773
Psoriasis,0.5665036041505108,0.8383116054942344,0.6490960646960209,0.7542412155647069,0.7465618860510808,0.3100904369942021,0.5026510474536307,0.5989644333356913,0.6562942169679552,0.6467267372076767,0.717870227723631,0.0,0.6617264903751761,0.4881404506654925,0.7658201282063537,0.6490960646960209,0.7167697432711397,1.000000000000001,0.756908469319575,0.0299560343381725
Ulcerative colitis,0.5441302006362292,0.7013171432505058,0.6339687094629076,0.6992714103050196,0.708935397320447,0.2042600491894982,0.3894444056130963,0.5813503318317994,0.6473309701217624,0.4330343980378228,0.6514432113693268,0.0,0.4579589385373087,0.3423095825775903,0.7654979263290222,0.6614374940407519,0.7439383979253438,0.7569084693195749,1.0,0.0149780171690862
Systemic inflammatory response syndrome,0.0830454798537399,0.0424476359978008,0.0149696237713023,0.0149696237713023,0.0149843214908676,0.0218739319629903,0.0362068797344719,0.0074785300449426,0.0074837638128482,0.0266259371246691,0.0172388172508447,0.0,0.0368933994965805,0.0349808143978201,0.0299728494022742,0.0425917709999959,0.0295850219363773,0.0299560343381725,0.0149780171690862,1.0
